x,z,y,x1,x2,y1,y2
6,0.166666672,0.280000001,0,1,0,5
1,0,1,0,0,3,20
57,0.280701756,0.170731708,5,11,0,3
57,0.258620679,0.185505673,5,11,0,3
58,0.258620679,0.185505673,5,11,0,3
56,0.258620679,0.187074825,5,11,0,3
7,0,0.265306115,0,1,0,5
22,0.272727281,0.359375,2,4,1,7
146,0.06849315,0.133866787,14,29,0,2
145,0.06849315,0.135363504,14,29,0,2
8,0,0.25,0,1,0,5
10,0.300000012,0.265306115,1,2,0,5
80,0.123456791,0.159690544,8,16,0,3
81,0.123456791,0.159690544,8,16,0,3
74,0.23170732,0.154201299,7,14,0,3
75,0.23170732,0.149821639,7,15,0,2
76,0.23170732,0.149669632,7,15,0,2
79,0.123456791,0.161632657,7,15,0,3
78,0.123456791,0.161632657,7,15,0,3
77,0.23170732,0.148333326,7,15,0,2
78,0.23170732,0.148333326,7,15,0,2
10,0.400000006,0.222222224,1,2,0,4
73,0.23170732,0.15497449,7,14,0,3
77,0.123456791,0.164041162,7,15,0,3
7,0,0.306122452,0,1,0,6
7,0,0.755102038,0,1,2,15
79,0.23170732,0.143778548,7,15,0,2
80,0.23170732,0.146201879,8,16,0,2
81,0.23170732,0.146201879,8,16,0,2
71,0.23170732,0.152396694,7,14,0,3
72,0.23170732,0.152396694,7,14,0,3
82,0.23170732,0.146384478,8,16,0,2
17,0.117647059,0.235555559,1,3,0,4
8,0.400000006,0.25,0,1,0,5
4,0,0.375,0,0,1,7
26,0.15384616,0.13636364,2,5,0,2
25,0.15384616,0.13636364,2,5,0,2
453,0.288209617,0.144661635,45,90,0,2
456,0.288209617,0.144520715,45,91,0,2
455,0.288209617,0.144520715,45,91,0,2
454,0.288209617,0.144520715,45,90,0,2
458,0.288209617,0.143983588,45,91,0,2
457,0.288209617,0.143983588,45,91,0,2
452,0.288209617,0.144168928,45,90,0,2
24,0.15384616,0.129251704,2,4,0,2
451,0.288209617,0.143686593,45,90,0,2
449,0.288209617,0.144243553,44,89,0,2
450,0.288209617,0.144243553,45,90,0,2
443,0.288209617,0.144852608,44,88,0,2
7,0.142857149,0.722222209,0,1,2,14
444,0.288209617,0.144608229,44,88,0,2
448,0.288209617,0.143945307,44,89,0,2
441,0.288209617,0.144995734,44,88,0,2
442,0.288209617,0.144995734,44,88,0,2
437,0.288209617,0.145681575,43,87,0,2
445,0.288209617,0.144383967,44,89,0,2
438,0.288209617,0.146204025,43,87,0,2
439,0.288209617,0.145668969,43,87,0,2
446,0.288209617,0.144179419,44,89,0,2
8,0.375,0.280000001,0,1,0,5
9,0.400000006,0.280000001,0,1,0,5
440,0.288209617,0.145158157,44,88,0,2
447,0.288209617,0.144053221,44,89,0,2
8,0,0.4375,0,1,1,8
41,0,0.179060087,4,8,0,3
95,0.072164945,0.228564054,9,19,0,4
41,0.048780486,0.222879678,4,8,0,4
81,0.061728396,0.163434908,8,16,0,3
96,0.072164945,0.22484535,9,19,0,4
94,0.072164945,0.225525171,9,18,0,4
481,0.234086245,0.142352074,48,96,0,2
483,0.234086245,0.142352074,48,96,0,2
484,0.234086245,0.142352074,48,96,0,2
482,0.234086245,0.142352074,48,96,0,2
486,0.234086245,0.141533703,48,97,0,2
485,0.234086245,0.141607508,48,97,0,2
487,0.234086245,0.141473025,48,97,0,2
480,0.234086245,0.142999828,48,96,0,2
475,0.234086245,0.142897666,47,95,0,2
477,0.234086245,0.143445775,47,95,0,2
479,0.234086245,0.143445775,47,95,0,2
478,0.234086245,0.143445775,47,95,0,2
80,0.061728396,0.163377777,8,16,0,3
79,0.061728396,0.163377777,7,15,0,3
473,0.234086245,0.142268449,47,94,0,2
472,0.234086245,0.142268449,47,94,0,2
97,0.072164945,0.221481487,9,19,0,4
462,0.234086245,0.142216459,46,92,0,2
476,0.234086245,0.143166855,47,95,0,2
471,0.234086245,0.142469019,47,94,0,2
93,0.072164945,0.224716067,9,18,0,4
474,0.234086245,0.1426384,47,94,0,2
461,0.234086245,0.142692178,46,92,0,2
463,0.234086245,0.142206788,46,92,0,2
464,0.234086245,0.142206788,46,92,0,2
468,0.234086245,0.142104939,46,93,0,2
470,0.234086245,0.142104939,47,94,0,2
469,0.234086245,0.142104939,46,93,0,2
467,0.234086245,0.141749993,46,93,0,2
466,0.234086245,0.141749993,46,93,0,2
465,0.234086245,0.141749993,46,93,0,2
77,0.061728396,0.159316942,7,15,0,3
76,0.061728396,0.162422836,7,15,0,3
78,0.061728396,0.162162155,7,15,0,3
12,0.15384616,0.280000001,1,2,0,5
23,0.260869563,0.114186853,2,4,0,2
22,0.260869563,0.114186853,2,4,0,2
8,0.25,0.222222224,0,1,0,4
6,0.25,0.222222224,0,1,0,4
3,0,1,0,0,3,20
3,0,0.333333343,0,0,1,6
7,0.25,0.222222224,0,1,0,4
14,0.214285716,0.338842988,1,2,1,6
8,0,0.28125,0,1,0,5
62,0.158730164,0.962278128,6,12,2,19
280,0.482142866,0.134839475,28,56,0,2
279,0.482142866,0.134839475,27,55,0,2
9,0,0.160493821,0,1,0,3
61,0.158730164,1,6,12,3,20
278,0.482142866,0.135223761,27,55,0,2
63,0.158730164,0.962976158,6,12,2,19
276,0.482142866,0.135703459,27,55,0,2
275,0.482142866,0.135703459,27,55,0,2
274,0.482142866,0.135703459,27,54,0,2
277,0.482142866,0.135703459,27,55,0,2
273,0.482142866,0.136679232,27,54,0,2
272,0.482142866,0.137669131,27,54,0,2
271,0.482142866,0.137669131,27,54,0,2
13,0.15384616,0.289256185,1,2,0,5
16,0.125,0.540816307,1,3,1,10
270,0.482142866,0.136428565,27,54,0,2
54,0.09259259,0.223656803,5,10,0,4
37,0.243243247,0.20408164,3,7,0,4
31,0.314285725,0.15289256,3,6,0,3
33,0.314285725,0.15289256,3,6,0,3
32,0.314285725,0.15289256,3,6,0,3
30,0.314285725,0.15289256,3,6,0,3
7,0.375,0.25,0,1,0,5
15,0.05882353,0.275510192,1,3,0,5
17,0.05882353,0.2734375,1,3,0,5
34,0.314285725,0.153119087,3,6,0,3
7,0,0.387755096,0,1,1,7
38,0.097560972,0.15743944,3,7,0,3
16,0.05882353,0.271111101,1,3,0,5
39,0.097560972,0.159183666,3,7,0,3
35,0.314285725,0.145833328,3,7,0,2
40,0.097560972,0.16203703,4,8,0,3
41,0.097560972,0.165814459,4,8,0,3
155,0.280254781,0.149257362,15,31,0,2
157,0.280254781,0.146526739,15,31,0,2
154,0.280254781,0.149752066,15,30,0,2
156,0.280254781,0.147799745,15,31,0,2
153,0.280254781,0.151418224,15,30,0,3
126,0.138686135,0.195702478,12,25,0,3
125,0.138686135,0.195702478,12,25,0,3
127,0.138686135,0.195702478,12,25,0,3
128,0.138686135,0.194708228,12,25,0,3
129,0.138686135,0.197863519,12,25,0,3
131,0.138686135,0.195708349,13,26,0,3
130,0.138686135,0.195708349,13,26,0,3
132,0.138686135,0.195708349,13,26,0,3
133,0.138686135,0.192828566,13,26,0,3
134,0.138686135,0.190926269,13,26,0,3
135,0.138686135,0.188466117,13,27,0,3
136,0.138686135,0.186207905,13,27,0,3
137,0.138686135,0.189169779,13,27,0,3
49,0.448979586,0.209876537,4,9,0,4
48,0.448979586,0.209876537,4,9,0,4
152,0.280254781,0.152091905,15,30,0,3
5,0,0.360000014,0,1,1,7
78,0.589743614,0.17578125,7,15,0,3
17,0.05882353,0.25,1,3,0,5
77,0.589743614,0.186264306,7,15,0,3
60,0.209677413,0.207830071,6,12,0,4
62,0.209677413,0.207830071,6,12,0,4
61,0.209677413,0.207830071,6,12,0,4
32,0.416666657,0.213296399,3,6,0,4
34,0.416666657,0.213296399,3,6,0,4
33,0.416666657,0.213296399,3,6,0,4
27,0,0.248285323,2,5,0,4
75,0.589743614,0.188888893,7,15,0,3
76,0.589743614,0.188888893,7,15,0,3
35,0.416666657,0.204999998,3,7,0,4
36,0.416666657,0.201814055,3,7,0,4
2,0,1,0,0,3,20
2,0.333333343,0.5,0,0,1,10
2,0,0.5,0,0,1,10
8,0.75,0.5,0,1,1,10
5,0.166666672,0.375,0,1,1,7
2,0,1,0,0,3,20
3,0.333333343,0.5,0,0,1,10
2,0,1,0,0,3,20
4,0.5,0.5,0,0,1,10
3,0.333333343,0.5,0,0,1,10
6,0,1,0,1,3,20
2,0,0.5,0,0,1,10
56,0.122807018,0.157850891,5,11,0,3
57,0.122807018,0.159999996,5,11,0,3
45,0.466666669,0.309027791,4,9,0,6
46,0.08510638,0.125850335,4,9,0,2
62,0.428571433,0.132716045,6,12,0,2
63,0.428571433,0.132716045,6,12,0,2
15,0.333333343,0.660000026,1,3,1,13
47,0.08510638,0.121687397,4,9,0,2
32,0.125,0.216836736,3,6,0,4
7,0.285714298,0.360000014,0,1,1,7
6,0.166666672,0.280000001,0,1,0,5
15,0,0.208888888,1,3,0,4
61,0.428571433,0.13306123,6,12,0,2
23,0.086956523,0.219954655,2,4,0,4
60,0.428571433,0.13494809,6,12,0,2
39,0.461538464,0.192743763,3,7,0,3
10,0.300000012,0.306122452,1,2,0,6
77,0.363636374,0.142024159,7,15,0,2
3,0,0.555555582,0,0,1,11
3,0,0.555555582,0,0,1,11
4,0.25,0.333333343,0,0,1,6
5,0.400000006,0.333333343,0,1,1,6
3,0,0.333333343,0,0,1,6
75,0.363636374,0.143229172,7,15,0,2
76,0.363636374,0.143229172,7,15,0,2
74,0.363636374,0.143229172,7,14,0,2
11,0,0.438016534,1,2,1,8
12,0.083333336,0.17355372,1,2,0,3
45,0.260869563,0.191919193,4,9,0,3
46,0.260869563,0.183391005,4,9,0,3
33,0.090909094,0.175555557,3,6,0,3
117,0.418803424,0.314878881,11,23,0,6
115,0.418803424,0.314878881,11,23,0,6
114,0.418803424,0.314878881,11,22,0,6
116,0.418803424,0.314878881,11,23,0,6
143,0.657342672,0.152852982,14,28,0,3
26,0.15384616,0.181818187,2,5,0,3
93,0.371134013,0.210571676,9,18,0,4
94,0.371134013,0.210571676,9,18,0,4
192,0.373057008,0.182023093,19,38,0,3
193,0.373057008,0.182023093,19,38,0,3
113,0.418803424,0.308977515,11,22,0,6
111,0.418803424,0.308977515,11,22,0,6
112,0.418803424,0.308977515,11,22,0,6
110,0.418803424,0.308977515,11,22,0,6
17,0.235294119,0.538461566,1,3,1,10
95,0.371134013,0.216111109,9,19,0,4
96,0.371134013,0.216111109,9,19,0,4
97,0.371134013,0.221714586,9,19,0,4
191,0.373057008,0.181805551,19,38,0,3
5,0.200000003,0.375,0,1,1,7
4,0,0.25,0,0,0,5
74,0.56410259,0.169921875,7,14,0,3
73,0.56410259,0.169921875,7,14,0,3
4,0,1,0,0,3,20
71,0.56410259,0.169921875,7,14,0,3
72,0.56410259,0.169921875,7,14,0,3
4,0,0.625,0,0,1,12
17,0.294117659,0.472222209,1,3,1,9
6,0.333333343,0.25,0,1,0,5
8,0,0.3125,0,1,0,6
6,0.333333343,0.25,0,1,0,5
92,0.371134013,0.216409042,9,18,0,4
81,0.283950627,0.208680138,8,16,0,4
110,0.445454538,0.272776127,11,22,0,5
109,0.445454538,0.272776127,10,21,0,5
75,0.56410259,0.166207537,7,15,0,3
77,0.56410259,0.166207537,7,15,0,3
76,0.56410259,0.166207537,7,15,0,3
48,0.395833343,0.193816885,4,9,0,3
47,0.395833343,0.193816885,4,9,0,3
41,0.395833343,0.2192,4,8,0,4
42,0.395833343,0.2192,4,8,0,4
40,0.395833343,0.2192,4,8,0,4
39,0.395833343,0.2192,3,7,0,4
78,0.56410259,0.164359868,7,15,0,3
119,0.276422769,0.24040021,11,23,0,4
120,0.276422769,0.24040021,12,24,0,4
43,0.395833343,0.210059166,4,8,0,4
44,0.395833343,0.210059166,4,8,0,4
121,0.276422769,0.240322366,12,24,0,4
136,0.163120568,0.319602162,13,27,0,6
122,0.276422769,0.242768601,12,24,0,4
137,0.163120568,0.323176354,13,27,0,6
138,0.163120568,0.326729685,13,27,0,6
123,0.276422769,0.237722516,12,24,0,4
139,0.163120568,0.321492285,13,27,0,6
45,0.395833343,0.207133055,4,9,0,4
9,0,0.283950627,0,1,0,5
140,0.163120568,0.318723053,14,28,0,6
82,0.416666657,0.275173604,8,16,0,5
141,0.163120568,0.316144794,14,28,0,6
10,0,0.419999987,1,2,1,8
84,0.416666657,0.270304054,8,16,0,5
83,0.416666657,0.270304054,8,16,0,5
46,0.395833343,0.206632659,4,9,0,4
14,0.214285716,0.702479362,1,2,2,14
40,0,0.172499999,4,8,0,3
73,0.10958904,0.161656812,7,14,0,3
64,0.203125,0.211072668,6,12,0,4
41,0,0.175490782,4,8,0,3
17,0.05882353,0.1796875,1,3,0,3
5,0,0.439999998,0,1,1,8
25,0.200000003,0.185000002,2,5,0,3
7,0.285714298,0.439999998,0,1,1,8
5,0,0.680000007,0,1,2,13
8,0.444444448,0.360000014,0,1,1,7
9,0.444444448,0.360000014,0,1,1,7
10,0,0.239999995,1,2,0,4
176,0.204545453,0.202755108,17,35,0,4
175,0.204545453,0.202755108,17,35,0,4
11,0,0.834710717,1,2,2,16
113,0.3931624,0.176734701,11,22,0,3
114,0.3931624,0.176734701,11,22,0,3
116,0.3931624,0.176734701,11,23,0,3
115,0.3931624,0.176734701,11,23,0,3
62,0.203125,0.21449396,6,12,0,4
72,0.10958904,0.1640625,7,14,0,3
174,0.204545453,0.205113605,17,34,0,4
71,0.263888896,0.217455626,7,14,0,4
117,0.3931624,0.173576668,11,23,0,3
63,0.203125,0.218400002,6,12,0,4
38,0,0.16897507,3,7,0,3
72,0.263888896,0.215379134,7,14,0,4
172,0.204545453,0.207204372,17,34,0,4
173,0.204545453,0.207204372,17,34,0,4
26,0.07692308,0.274305552,2,5,0,5
39,0,0.170282707,3,7,0,3
59,0.203125,0.220226839,5,11,0,4
39,0.128205135,0.709342539,3,7,2,14
60,0.203125,0.221367136,6,12,0,4
71,0.10958904,0.160997733,7,14,0,3
55,0.236363634,0.195011333,5,11,0,3
61,0.203125,0.214409724,6,12,0,4
137,0.218978107,0.602934778,13,27,1,12
7,0.111111112,0.388888896,0,1,1,7
12,0,0.402777791,1,2,1,8
8,0.222222224,0.277777791,0,1,0,5
6,0,0.333333343,0,1,1,6
134,0.218978107,0.607803226,13,26,1,12
41,0.219512194,0.1328125,4,8,0,2
135,0.218978107,0.610884368,13,27,1,12
110,0.103448279,0.194163859,11,22,0,3
136,0.218978107,0.613919556,13,27,1,12
69,0.10958904,0.169578075,6,13,0,3
111,0.103448279,0.196999997,11,22,0,3
27,0.259259254,0.230000004,2,5,0,4
113,0.103448279,0.199882358,11,22,0,3
112,0.103448279,0.199882358,11,22,0,3
70,0.10958904,0.165972948,7,14,0,3
114,0.103448279,0.202806607,11,22,0,4
45,0,0.630617261,4,9,1,12
107,0.103448279,0.192057297,10,21,0,3
106,0.103448279,0.192057297,10,21,0,3
115,0.103448279,0.202375337,11,23,0,4
108,0.103448279,0.191625044,10,21,0,3
116,0.103448279,0.199334323,11,23,0,3
109,0.103448279,0.191378593,10,21,0,3
24,0.125,0.274376422,2,4,0,5
73,0.424657524,0.142857149,7,14,0,2
59,0.147540987,0.240799993,5,11,0,4
8,0.111111112,0.387755096,0,1,1,7
14,0.5,0.428571433,1,2,1,8
10,0.300000012,0.265306115,1,2,0,5
9,0.300000012,0.265306115,0,1,0,5
9,0.222222224,0.224489793,0,1,0,4
8,0.111111112,0.265306115,0,1,0,5
7,0,0.265306115,0,1,0,5
17,0.111111112,0.173333332,1,3,0,3
60,0.147540987,0.241830066,6,12,0,4
36,0.166666672,0.166666672,3,7,0,3
61,0.147540987,0.247041419,6,12,0,4
36,0.388888896,0.545454562,3,7,1,10
34,0.388888896,0.545454562,3,6,1,10
33,0.388888896,0.545454562,3,6,1,10
35,0.388888896,0.545454562,3,7,1,10
60,0.083333336,0.179504126,6,12,0,3
76,0.394736856,0.25708884,7,15,0,5
74,0.394736856,0.25708884,7,14,0,5
75,0.394736856,0.25708884,7,15,0,5
16,0.0625,0.182222217,1,3,0,3
40,0.219512194,0.130072847,4,8,0,2
18,0.111111112,0.15625,1,3,0,3
26,0.07692308,0.84375,2,5,2,16
40,0,0.215000004,4,8,0,4
41,0,0.211183816,4,8,0,4
252,0.138339922,0.157297879,25,50,0,3
251,0.138339922,0.157297879,25,50,0,3
253,0.138339922,0.156089559,25,50,0,3
244,0.138339922,0.157460317,24,48,0,3
8,0,0.40625,0,1,1,8
8,0,0.1875,0,1,0,3
9,0.111111112,0.40625,0,1,1,8
9,0.111111112,0.21875,0,1,0,4
16,0.5,0.46875,1,3,1,9
245,0.138339922,0.157251641,24,49,0,3
246,0.138339922,0.157084376,24,49,0,3
247,0.138339922,0.156957388,24,49,0,3
248,0.138339922,0.157524675,24,49,0,3
249,0.138339922,0.157295838,24,49,0,3
250,0.138339922,0.15787895,25,50,0,3
27,0.037037037,0.207100585,2,5,0,4
58,0.083333336,0.188323244,5,11,0,3
23,0.260869563,0.522491336,2,4,1,10
20,0.137931034,0.328719735,2,4,0,6
22,0.260869563,0.522491336,2,4,1,10
59,0.083333336,0.183127567,5,11,0,3
33,0.212121218,0.245562136,3,6,0,4
5,1,0.383159101,0,1,1,7
32,1,0.383159101,3,6,1,7
1,1,0.383159101,0,0,1,7
31,1,0.383159101,3,6,1,7
1,1,0.383159101,0,0,1,7
1,1,0.383159101,0,0,1,7
1,1,0.383159101,0,0,1,7
82,0.216867477,0.241699219,8,16,0,4
81,0.216867477,0.241699219,8,16,0,4
83,0.216867477,0.244497046,8,16,0,4
10,0.083333336,0.30864197,1,2,0,6
21,0.137931034,0.314814806,2,4,0,6
9,0,0.407407403,0,1,1,8
10,0.090909094,0.209876537,1,2,0,4
81,0.182926834,0.413682282,8,16,1,8
45,0.155555561,0.164819941,4,9,0,3
82,0.182926834,0.419469804,8,16,1,8
38,0.263157904,0.262755096,3,7,0,5
22,0.137931034,0.335180044,2,4,1,6
62,0.209677413,0.208663061,6,12,0,4
61,0.209677413,0.208663061,6,12,0,4
93,0.340000004,0.420585871,9,18,1,8
11,0.083333336,0.340000004,1,2,1,6
13,0.230769232,0.680000007,1,2,2,13
23,0.137931034,0.354999989,2,4,1,7
11,0.090909094,0.180000007,1,2,0,3
44,0.06666667,0.164782867,4,8,0,3
94,0.340000004,0.42715922,9,18,1,8
79,0.086419754,0.21489197,7,15,0,4
80,0.086419754,0.212610245,8,16,0,4
25,0.15384616,0.274376422,2,5,0,5
96,0.340000004,0.433610469,9,19,1,8
95,0.340000004,0.433610469,9,19,1,8
45,0.06666667,0.162131518,4,9,0,3
81,0.086419754,0.216216221,8,16,0,4
98,0.340000004,0.421875,9,19,1,8
97,0.340000004,0.421875,9,19,1,8
43,0.266666681,0.326171875,4,8,0,6
80,0.182926834,0.407810658,8,16,1,8
26,0.178571433,0.197278917,2,5,0,3
24,0.137931034,0.37414965,2,4,1,7
99,0.340000004,0.428165674,9,19,1,8
68,0.352941185,0.419421494,6,13,1,8
26,0.15384616,0.26859504,2,5,0,5
100,0.340000004,0.434343427,10,20,1,8
44,0.266666681,0.338842988,4,8,1,6
45,0.266666681,0.338842988,4,9,1,6
48,0.083333336,0.316115707,4,9,0,6
26,0.137931034,0.34710744,2,5,1,6
15,0.266666681,0.570247948,1,3,1,11
12,0.083333336,0.322314054,1,2,0,6
18,0.478260875,0.4214876,1,3,1,8
27,0.178571433,0.198347107,2,5,0,3
14,0.266666681,0.570247948,1,2,1,11
25,0.137931034,0.34710744,2,5,1,6
69,0.173913047,0.236072645,6,13,0,4
27,0.137931034,0.334593564,2,5,1,6
28,0.178571433,0.187145561,2,5,0,3
31,0.225806445,0.284722209,3,6,0,5
148,0.435064942,0.14103806,14,29,0,2
147,0.435064942,0.14103806,14,29,0,2
145,0.435064942,0.14103806,14,29,0,2
146,0.435064942,0.14103806,14,29,0,2
221,0.508849561,0.212727278,22,44,0,4
224,0.508849561,0.212727278,22,44,0,4
220,0.508849561,0.212727278,22,44,0,4
223,0.508849561,0.212727278,22,44,0,4
225,0.508849561,0.212727278,22,45,0,4
222,0.508849561,0.212727278,22,44,0,4
21,0.478260875,0.430555552,2,4,1,8
28,0.137931034,0.326388896,2,5,0,6
19,0.478260875,0.430555552,1,3,1,8
20,0.478260875,0.430555552,2,4,1,8
23,0.478260875,0.430555552,2,4,1,8
22,0.478260875,0.430555552,2,4,1,8
13,0.07692308,0.347222209,1,2,1,6
150,0.435064942,0.141157389,15,30,0,2
152,0.435064942,0.141157389,15,30,0,2
149,0.435064942,0.141157389,14,29,0,2
151,0.435064942,0.141157389,15,30,0,2
153,0.435064942,0.141157389,15,30,0,2
226,0.508849561,0.212888569,22,45,0,4
154,0.435064942,0.14229092,15,30,0,2
90,0.311111122,0.167533815,9,18,0,3
54,0.290909082,0.28393352,5,10,0,5
29,0.137931034,0.32159999,2,5,0,6
200,0.508849561,0.216839671,20,40,0,4
201,0.508849561,0.216839671,20,40,0,4
199,0.508849561,0.216839671,19,39,0,4
203,0.508849561,0.214629084,20,40,0,4
205,0.508849561,0.214629084,20,41,0,4
202,0.508849561,0.214629084,20,40,0,4
204,0.508849561,0.214629084,20,40,0,4
55,0.290909082,0.291255742,5,11,0,5
207,0.508849561,0.210798815,20,41,0,4
206,0.508849561,0.210798815,20,41,0,4
208,0.508849561,0.211428568,20,41,0,4
64,0.171875,0.192595229,6,12,0,3
14,0.071428575,0.254437864,1,2,0,5
42,0.06666667,0.16765286,4,8,0,3
14,0.06666667,0.609467447,1,2,1,12
19,0.315789461,0.278106511,1,3,0,5
210,0.508849561,0.212175146,21,42,0,4
212,0.508849561,0.212175146,21,42,0,4
209,0.508849561,0.212175146,20,41,0,4
211,0.508849561,0.212175146,21,42,0,4
215,0.508849561,0.213031709,21,43,0,4
214,0.508849561,0.213031709,21,42,0,4
216,0.508849561,0.213031709,21,43,0,4
213,0.508849561,0.213031709,21,42,0,4
28,0.035714287,0.278463662,2,5,0,5
217,0.508849561,0.213820308,21,43,0,4
43,0.06666667,0.163749993,4,8,0,3
219,0.508849561,0.211850852,21,43,0,4
218,0.508849561,0.211850852,21,43,0,4
42,0.355555564,0.470507532,4,8,1,9
144,0.435064942,0.142857149,14,28,0,2
20,0.333333343,0.642857134,2,4,1,12
15,0.06666667,0.632653058,1,3,1,12
19,0.333333343,0.642857134,1,3,1,12
19,0.263157904,0.234693885,1,3,0,4
21,0.333333343,0.642857134,2,4,1,12
15,0.117647059,0.255102038,1,3,0,5
43,0.355555564,0.456632644,4,8,1,9
15,0.06666667,0.285714298,1,3,0,5
68,0.173913047,0.239158168,6,13,0,4
45,0.375,0.214285716,4,9,0,4
44,0.375,0.214285716,4,8,0,4
46,0.375,0.222354338,4,9,0,4
44,0.355555564,0.445897728,4,8,1,8
45,0.355555564,0.445897728,4,9,1,8
51,0.115384616,0.453827173,5,10,1,9
34,0.117647059,0.25777778,3,6,0,5
16,0.117647059,0.271111101,1,3,0,5
48,0.375,0.213333338,4,9,0,4
47,0.375,0.213333338,4,9,0,4
17,0.117647059,0.271111101,1,3,0,5
52,0.115384616,0.435727775,5,10,1,8
23,0.291666657,0.3046875,2,4,0,6
16,0,0.1875,1,3,0,3
50,0.340000004,0.509641886,5,10,1,10
49,0.340000004,0.509641886,4,9,1,10
48,0.340000004,0.509641886,4,9,1,10
142,0.435064942,0.142400935,14,28,0,2
143,0.435064942,0.142400935,14,28,0,2
50,0,0.144800007,5,10,0,2
39,0.125,0.271626294,3,7,0,5
38,0.125,0.271626294,3,7,0,5
17,0,0.13494809,1,3,0,2
51,0,0.144944251,5,10,0,2
17,0,0.349480957,1,3,1,6
24,0.291666657,0.328719735,2,4,0,6
17,0,0.217993081,1,3,0,4
17,0,0.287197232,1,3,0,5
48,0.265306115,0.188571423,4,9,0,3
46,0.224489793,0.792653084,4,9,2,15
40,0.125,0.283265293,4,8,0,5
130,0.48407644,0.521126747,13,26,1,10
131,0.48407644,0.521126747,13,26,1,10
47,0.224489793,0.797839522,4,9,2,15
49,0.265306115,0.182098761,4,9,0,3
132,0.48407644,0.525848746,13,26,1,10
28,0.357142866,0.19135803,2,5,0,3
18,0,0.370370358,1,3,1,7
20,0.100000001,0.296296299,2,4,0,5
133,0.48407644,0.530493498,13,26,1,10
48,0.224489793,0.802775741,4,9,2,16
134,0.48407644,0.535062075,13,26,1,10
67,0.173913047,0.242975205,6,13,0,4
66,0.173913047,0.242975205,6,13,0,4
136,0.48407644,0.53955555,13,27,1,10
135,0.48407644,0.53955555,13,27,1,10
52,0.272727281,0.200831026,5,10,0,4
49,0.224489793,0.807479203,4,9,2,16
139,0.48407644,0.525623262,13,27,1,10
138,0.48407644,0.525623262,13,27,1,10
137,0.48407644,0.525623262,13,27,1,10
21,0.086956523,0.180055395,2,4,0,3
22,0.13636364,0.51800555,2,4,1,10
27,0.296296299,0.196675897,2,5,0,3
19,0,0.152354568,1,3,0,3
20,0.050000001,0.25207755,2,4,0,5
19,0,0.390581727,1,3,1,7
29,0.393939406,0.207756236,2,5,0,4
140,0.48407644,0.530106246,14,28,1,10
53,0.272727281,0.1965812,5,10,0,3
54,0.272727281,0.1965812,5,10,0,3
141,0.48407644,0.534516752,14,28,1,10
142,0.48407644,0.534516752,14,28,1,10
36,0.43589744,0.219999999,3,7,0,4
23,0.125,0.264999986,2,4,0,5
84,0.076086953,0.149243921,8,16,0,2
145,0.48407644,0.53885597,14,29,1,10
143,0.48407644,0.53885597,14,28,1,10
147,0.48407644,0.53885597,14,29,1,10
144,0.48407644,0.53885597,14,28,1,10
146,0.48407644,0.53885597,14,29,1,10
55,0.275862068,0.254999995,5,11,0,5
55,0.272727281,0.1875,5,11,0,3
85,0.076086953,0.152058959,8,17,0,3
148,0.48407644,0.543124974,14,29,1,10
149,0.48407644,0.543124974,14,29,1,10
33,0.393939406,0.204999998,3,6,0,4
30,0.393939406,0.204999998,3,6,0,4
29,0.300000012,0.294999987,2,5,0,5
31,0.393939406,0.204999998,3,6,0,4
22,0.086956523,0.180000007,2,4,0,3
26,0.230769232,0.194999993,2,5,0,3
28,0.300000012,0.294999987,2,5,0,5
32,0.393939406,0.204999998,3,6,0,4
20,0,0.409999996,2,4,1,8
86,0.076086953,0.149062499,8,17,0,2
152,0.48407644,0.547325075,15,30,1,10
154,0.48407644,0.547325075,15,30,1,10
150,0.48407644,0.547325075,15,30,1,10
156,0.48407644,0.547325075,15,31,1,10
155,0.48407644,0.547325075,15,31,1,10
151,0.48407644,0.547325075,15,30,1,10
153,0.48407644,0.547325075,15,30,1,10
157,0.48407644,0.547325075,15,31,1,10
57,0.275862068,0.246876866,5,11,0,4
56,0.275862068,0.246876866,5,11,0,4
87,0.076086953,0.146471575,8,17,0,2
24,0.125,0.274376422,2,4,0,5
37,0.43589744,0.233560085,3,7,0,4
55,0.25454545,0.382510424,5,11,1,7
53,0.25454545,0.382510424,5,10,1,7
88,0.076086953,0.149315879,8,17,0,2
54,0.25454545,0.382510424,5,10,1,7
58,0.275862068,0.256235838,5,11,0,5
51,0.188679248,0.295918375,5,10,0,5
89,0.076086953,0.149368554,8,17,0,2
91,0.076086953,0.152210891,9,18,0,3
30,0.300000012,0.297052145,3,6,0,5
23,0.086956523,0.18820861,2,4,0,3
90,0.076086953,0.152210891,9,18,0,3
53,0.188679248,0.292590588,5,10,0,5
52,0.188679248,0.292590588,5,10,0,5
92,0.076086953,0.155155703,9,18,0,3
38,0.43589744,0.23140496,3,7,0,4
39,0.43589744,0.23140496,3,7,0,4
37,0.405405402,0.338842988,3,7,1,6
33,0.303030312,0.701323271,3,6,2,14
37,0.378378391,0.493383735,3,7,1,9
36,0.378378391,0.493383735,3,7,1,9
31,0.24242425,0.22117202,3,6,0,4
30,0.24242425,0.22117202,3,6,0,4
83,0.423529416,0.370756,8,16,1,7
84,0.423529416,0.379340291,8,16,1,7
32,0.24242425,0.208333328,3,6,0,4
85,0.423529416,0.371095389,8,17,1,7
141,0.324137926,0.735784888,14,28,2,14
144,0.324137926,0.735784888,14,28,2,14
143,0.324137926,0.735784888,14,28,2,14
142,0.324137926,0.735784888,14,28,2,14
140,0.324137926,0.735784888,14,28,2,14
145,0.324137926,0.738234043,14,29,2,14
25,0,0.209600002,2,5,0,4
33,0.24242425,0.200000003,3,6,0,4
31,0.125,0.251028806,3,6,0,5
38,0.263157904,0.318877548,3,7,0,6
32,0.125,0.262755096,3,6,0,5
50,0.423076928,0.231866822,5,10,0,4
49,0.423076928,0.231866822,4,9,0,4
59,0,0.201953456,5,11,0,4
37,0.189189196,0.222222224,3,7,0,4
51,0.423076928,0.233333334,5,10,0,4
52,0.423076928,0.233333334,5,10,0,4
39,0.15384616,0.182736456,3,7,0,3
39,0.142857149,0.195592284,3,7,0,3
40,0.142857149,0.193771631,4,8,0,3
39,0.093023255,0.186938778,3,7,0,3
122,0.436090231,0.314285725,12,24,0,6
119,0.408333331,0.176734701,11,23,0,3
41,0.142857149,0.19346939,4,8,0,3
124,0.436090231,0.314285725,12,24,0,6
123,0.436090231,0.314285725,12,24,0,6
125,0.436090231,0.314285725,12,25,0,6
126,0.436090231,0.310057521,12,25,0,6
120,0.408333331,0.180718109,12,24,0,3
127,0.436090231,0.303240746,12,25,0,6
42,0.142857149,0.185185179,4,8,0,3
128,0.436090231,0.303240746,12,25,0,6
40,0.093023255,0.179012343,4,8,0,3
129,0.436090231,0.297053844,12,25,0,5
47,0.200000003,0.384952515,4,9,1,7
130,0.436090231,0.293644994,13,26,0,5
41,0.093023255,0.171658143,4,8,0,3
62,0.387096763,0.253462613,6,12,0,5
131,0.436090231,0.29066667,13,26,0,5
133,0.436090231,0.29066667,13,26,0,5
132,0.436090231,0.29066667,13,26,0,5
42,0.093023255,0.166204989,4,8,0,3
48,0.200000003,0.371191144,4,9,1,7
41,0.048780486,0.50032872,4,8,1,10
43,0.093023255,0.170282707,4,8,0,3
49,0.200000003,0.381985545,4,9,1,7
50,0.200000003,0.392500013,5,10,1,7
93,0.127659574,0.203475073,9,18,0,4
94,0.127659574,0.198988691,9,18,0,3
68,0.408450693,0.226650804,6,13,0,4
99,0.596330285,0.386079729,9,19,1,7
97,0.596330285,0.386079729,9,19,1,7
98,0.596330285,0.386079729,9,19,1,7
43,0.046511628,0.160023794,4,8,0,3
69,0.408450693,0.226650804,6,13,0,4
100,0.596330285,0.386079729,10,20,1,7
70,0.408450693,0.226650804,7,14,0,4
101,0.596330285,0.395691603,10,20,1,7
49,0.159999996,0.201814055,4,9,0,4
71,0.408450693,0.225623578,7,14,0,4
49,0.142857149,0.2494331,4,9,0,4
102,0.596330285,0.395691603,10,20,1,7
50,0.159999996,0.201814055,5,10,0,4
103,0.596330285,0.378042191,10,20,1,7
104,0.596330285,0.367768586,10,20,1,7
107,0.596330285,0.367768586,10,21,1,7
109,0.596330285,0.367768586,10,21,1,7
106,0.596330285,0.367768586,10,21,1,7
108,0.596330285,0.367768586,10,21,1,7
105,0.596330285,0.367768586,10,21,1,7
101,0.107843138,0.215555549,10,20,0,4
63,0.295774639,0.216790125,6,12,0,4
51,0.129629627,0.150617287,5,10,0,3
102,0.107843138,0.212413967,10,20,0,4
52,0.129629627,0.146502838,5,10,0,2
64,0.295774639,0.220226839,6,12,0,4
53,0.129629627,0.142598465,5,10,0,2
65,0.295774639,0.22408329,6,13,0,4
54,0.129629627,0.142598465,5,10,0,2
68,0.295774639,0.222222224,6,13,0,4
54,0.101694912,0.157986104,5,10,0,3
67,0.295774639,0.222222224,6,13,0,4
66,0.295774639,0.222222224,6,13,0,4
61,0.227272734,0.18950437,6,12,0,3
70,0.295774639,0.221990839,7,14,0,4
67,0.264705896,0.234485626,6,13,0,4
55,0.101694912,0.155351937,5,11,0,3
69,0.295774639,0.221990839,6,13,0,4
63,0.227272734,0.195199996,6,12,0,3
62,0.227272734,0.195199996,6,12,0,3
72,0.310810804,0.167199999,7,14,0,3
64,0.227272734,0.195199996,6,12,0,3
71,0.295774639,0.225600004,7,14,0,4
75,0.333333343,0.228799999,7,15,0,4
68,0.264705896,0.240799993,6,13,0,4
56,0.101694912,0.155200005,5,11,0,3
76,0.333333343,0.228799999,7,15,0,4
57,0.101694912,0.160322949,5,11,0,3
65,0.227272734,0.201076508,6,13,0,4
74,0.310810804,0.166474432,7,14,0,3
66,0.227272734,0.201076508,6,13,0,4
73,0.310810804,0.166474432,7,14,0,3
77,0.333333343,0.233371779,7,15,0,4
58,0.101694912,0.160502955,5,11,0,3
78,0.333333343,0.229289934,7,15,0,4
59,0.101694912,0.159131363,5,11,0,3
60,0.100000001,0.18655692,6,12,0,3
70,0.169014081,0.202140316,7,14,0,4
71,0.169014081,0.200229824,7,14,0,4
63,0.046875,0.163888887,6,12,0,3
64,0.046875,0.160440743,6,12,0,3
79,0.0625,0.235938638,7,15,0,4
80,0.0625,0.239822224,8,16,0,4
207,0.508849561,0.296012819,20,41,0,5
206,0.508849561,0.296012819,20,41,0,5
205,0.508849561,0.296012819,20,41,0,5
208,0.508849561,0.291641206,20,41,0,5
209,0.508849561,0.291641206,20,41,0,5
213,0.508849561,0.287551433,21,42,0,5
212,0.508849561,0.287551433,21,42,0,5
210,0.508849561,0.287551433,21,42,0,5
211,0.508849561,0.287551433,21,42,0,5
215,0.508849561,0.285077006,21,43,0,5
216,0.508849561,0.285077006,21,43,0,5
214,0.508849561,0.285077006,21,42,0,5
217,0.508849561,0.285077006,21,43,0,5
222,0.508849561,0.280826449,22,44,0,5
220,0.508849561,0.280826449,22,44,0,5
218,0.508849561,0.280826449,21,43,0,5
219,0.508849561,0.280826449,21,43,0,5
223,0.508849561,0.280826449,22,44,0,5
221,0.508849561,0.280826449,22,44,0,5
225,0.508849561,0.277169049,22,45,0,5
224,0.508849561,0.277169049,22,44,0,5
226,0.508849561,0.277169049,22,45,0,5
11,0,0.454545468,1,2,1,9
7,0,0.428571433,0,1,1,8
20,0.349999994,0.420118332,2,4,1,8
6,0,0.333333343,0,1,1,6
68,0.092105262,0.452297777,6,13,1,9
72,0.092105262,0.422011822,7,14,1,8
17,0.764705896,0.625,1,3,1,12
8,0,0.28125,0,1,0,5
9,0.699999988,0.333333343,0,1,1,6
53,0.150943398,0.194074079,5,10,0,3
2,0,0.5,0,0,1,10
44,0.266666681,0.205078125,4,8,0,4
7,0.142857149,1,0,1,3,20
2,0.333333343,1,0,0,3,20
50,0.333333343,0.259871453,5,10,0,5
14,0.071428575,0.17159763,1,2,0,3
24,0.291666657,0.453287184,2,4,1,9
10,0.100000001,0.283950627,1,2,0,5
1,0,1,0,0,3,20
17,0.111111112,0.3671875,1,3,1,7
3,0,0.333333343,0,0,1,6
8,0.777777791,0.5,0,1,1,10
1,0,1,0,0,3,20
2,0,0.5,0,0,1,10
48,0.081632651,0.303719014,4,9,0,6
43,0.13636364,0.199415639,4,8,0,3
10,0.07692308,0.185185179,1,2,0,3
1,0,1,0,0,3,20
22,0.181818187,0.358024687,2,4,1,7
76,0.144736841,0.204260349,7,15,0,4
61,0.180327863,0.178399995,6,12,0,3
7,0.875,1,0,1,3,20
56,0.137931034,0.292794675,5,11,0,5
5,0,0.439999998,0,1,1,8
46,0.765957475,0.223140493,4,9,0,4
11,0.1875,0.239669427,1,2,0,4
12,0,0.847222209,1,2,2,16
1,0,1,0,0,3,20
33,0.14705883,0.239795923,3,6,0,4
1,0,1,0,0,3,20
1,0.5,1,0,0,3,20
19,0.421052635,0.553718984,1,3,1,11
6,0.875,1,0,1,3,20
1,0,1,0,0,3,20
1,0,1,0,0,3,20
1,0,1,0,0,3,20
14,0.684210539,0.5,1,2,1,10
4,0,0.625,0,0,1,12
49,0.081632651,0.295802474,4,9,0,5
2,0,0.5,0,0,1,10
1,0,1,0,0,3,20
102,0.495145619,0.265532553,10,20,0,5
22,0.181818187,0.475308657,2,4,1,9
10,0.25,0.283950627,1,2,0,5
22,0.217391297,0.209876537,2,4,0,4
18,0.473684222,0.540000021,1,3,1,10
103,0.495145619,0.265532553,10,20,0,5
30,0.5,0.217777774,3,6,0,4
42,0.081632651,0.325484753,4,8,0,6
2,0,0.5,0,0,1,10
8,0.111111112,0.265306115,0,1,0,5
13,0.15384616,0.53719008,1,2,1,10
1,0,1,0,0,3,20
26,0.25,0.722991705,2,5,2,14
30,0,0.171111107,3,6,0,3
1,0,1,0,0,3,20
16,0.421052635,0.481481493,1,3,1,9
1,0,1,0,0,3,20
122,0.515151501,0.223333329,12,24,0,4
8,0.875,1,0,1,3,20
67,0.092105262,0.464444458,6,13,1,9
44,0.180327863,0.197954714,4,8,0,3
2,0,1,0,0,3,20
125,0.515151501,0.224939525,12,25,0,4
9,0.07692308,0.21875,0,1,0,4
1,0,1,0,0,3,20
56,0.180327863,0.170665458,5,11,0,3
17,0.411764711,0.540000021,1,3,1,10
18,0.684210539,0.5,1,3,1,10
6,0.666666687,1,0,1,3,20
10,0.100000001,0.283950627,1,2,0,5
1,0,1,0,0,3,20
30,0.064516127,0.247448981,3,6,0,4
5,0.400000006,1,0,1,3,20
29,0.103448279,0.411242604,2,5,1,8
32,0.03125,0.229968786,3,6,0,4
14,0.200000003,0.17355372,1,2,0,3
8,0.75,0.5,0,1,1,10
5,0.875,1,0,1,3,20
4,0.25,0.333333343,0,0,1,6
9,0.111111112,0.25,0,1,0,5
57,0.137931034,0.292794675,5,11,0,5
43,0.081632651,0.313609481,4,8,0,6
66,0.092105262,0.464444458,6,13,1,9
132,0.515151501,0.216796875,13,26,0,4
1,0,1,0,0,3,20
41,0.081632651,0.314828336,4,8,0,6
1,0,1,0,0,3,20
11,0,0.834710717,1,2,2,16
12,0.166666672,0.319999993,1,2,0,6
60,0.180327863,0.177009583,6,12,0,3
2,0,0.5,0,0,1,10
21,0.285714298,0.280000001,2,4,0,5
2,0,0.5,0,0,1,10
40,0.522727251,0.204999998,4,8,0,4
2,0,0.5,0,0,1,10
28,0.142857149,0.225694448,2,5,0,4
17,0.411764711,0.660000026,1,3,1,13
3,0.333333343,0.5,0,0,1,10
8,0.07692308,0.21875,0,1,0,4
7,0,0.224489793,0,1,0,4
39,0.522727251,0.204999998,3,7,0,4
72,0.547945201,0.349609375,7,14,1,6
74,0.506493509,1,7,14,3,20
8,0.375,0.280000001,0,1,0,5
1,0,1,0,0,3,20
41,0.219512194,0.1796875,4,8,0,3
15,0.117647059,0.17159763,1,3,0,3
1,0,1,0,0,3,20
18,0.111111112,0.296875,1,3,0,5
2,0,1,0,0,3,20
23,0.217391297,0.209876537,2,4,0,4
5,0.200000003,1,0,1,3,20
29,0.068965517,0.237311378,2,5,0,4
21,0.428571433,0.25,2,4,0,5
11,0,0.239669427,1,2,0,4
4,0,1,0,0,3,20
2,0,1,0,0,3,20
11,0.083333336,0.419999987,1,2,1,8
36,0.138888896,0.383975029,3,7,1,7
4,0.166666672,0.625,0,0,1,12
1,0,1,0,0,3,20
5,0.400000006,0.555555582,0,1,1,11
3,0.666666687,1,0,0,3,20
69,0.547945201,0.349609375,6,13,1,6
18,0.714285731,0.388888896,1,3,1,7
2,0,0.5,0,0,1,10
3,0.333333343,0.5,0,0,1,10
7,0.07692308,0.224489793,0,1,0,4
7,0.142857149,0.166666672,0,1,0,3
2,0,1,0,0,3,20
6,0,0.277777791,0,1,0,5
43,0.266666681,0.205078125,4,8,0,4
40,0.266666681,0.174791917,4,8,0,3
53,0.075471699,0.205331117,5,10,0,4
1,0,1,0,0,3,20
41,0.522727251,0.204999998,4,8,0,4
5,0,0.200000003,0,1,0,4
21,0.095238097,0.213296399,2,4,0,4
11,0.25,0.283950627,1,2,0,5
4,0,0.375,0,0,1,7
1,0,1,0,0,3,20
76,0.092105262,0.429531604,7,15,1,8
17,0.117647059,0.182222217,1,3,0,3
16,0.117647059,0.173469394,1,3,0,3
18,0.142857149,0.280000001,1,3,0,5
3,0,1,0,0,3,20
45,0.266666681,0.201101929,4,9,0,4
128,0.515151501,0.221644118,12,25,0,4
2,0.5,1,0,0,3,20
9,0,0.333333343,0,1,1,6
34,0.264705896,0.280000001,3,6,0,5
4,0.200000003,0.555555582,0,0,1,11
7,0,0.306122452,0,1,0,6
7,0,0.224489793,0,1,0,4
54,0.180327863,0.174858227,5,10,0,3
1,0,1,0,0,3,20
4,0,0.625,0,0,1,12
54,0.357142866,0.437716275,5,10,1,8
53,0.357142866,0.463728189,5,10,1,9
122,0.768000007,0.316326529,12,24,0,6
1,0,1,0,0,3,20
9,0.100000001,0.40625,0,1,1,8
3,0,0.555555582,0,0,1,11
2,0,0.5,0,0,1,10
4,0.5,0.5,0,0,1,10
17,0.684210539,0.5,1,3,1,10
20,0.449999988,0.289256185,2,4,0,5
5,0,0.439999998,0,1,1,8
47,0.765957475,0.223140493,4,9,0,4
30,0.081632651,0.344307274,3,6,1,6
5,0,0.519999981,0,1,1,10
1,0,1,0,0,3,20
36,0.594594598,0.418367356,3,7,1,8
37,0.594594598,0.377777785,3,7,1,7
20,0.428571433,0.223140493,2,4,0,4
8,0.25,0.388888896,0,1,1,7
2,0,1,0,0,3,20
124,0.768000007,0.316326529,12,24,0,6
49,0.06122449,1,4,9,3,20
3,0,0.555555582,0,0,1,11
2,0,0.5,0,0,1,10
17,0.421052635,0.481481493,1,3,1,9
6,0,0.277777791,0,1,0,5
70,0.547945201,0.349609375,7,14,1,6
1,0,1,0,0,3,20
30,0.033333335,0.600475609,3,6,1,12
54,0.351851851,0.170612246,5,10,0,3
2,0,0.5,0,0,1,10
11,0,0.17355372,1,2,0,3
16,0.05882353,0.413333327,1,3,1,8
12,0.1875,0.222222224,1,2,0,4
3,0,0.333333343,0,0,1,6
14,0.117647059,0.278106511,1,2,0,5
1,0,1,0,0,3,20
3,0,1,0,0,3,20
14,0.764705896,0.555555582,1,2,1,11
21,0,0.428571433,2,4,1,8
2,0,0.5,0,0,1,10
27,0.25,0.660000026,2,5,1,13
4,0.25,0.555555582,0,0,1,11
10,0,0.519999981,1,2,1,10
21,0.5,0.340000004,2,4,1,6
48,0.270833343,0.204897955,4,9,0,4
2,0,1,0,0,3,20
10,0.100000001,0.358024687,1,2,1,7
1,0,1,0,0,3,20
53,0.180327863,0.174320981,5,10,0,3
18,0.157894731,0.333333343,1,3,1,6
44,0.081632651,0.307500005,4,8,0,6
5,0.200000003,1,0,1,3,20
29,0.333333343,0.279778391,2,5,0,5
9,0.111111112,0.28125,0,1,0,5
9,0.222222224,0.265306115,0,1,0,5
8,0,0.25,0,1,0,5
31,0.03125,0.219999999,3,6,0,4
1,0,1,0,0,3,20
3,0.666666687,1,0,0,3,20
1,0,1,0,0,3,20
8,0.333333343,0.333333343,0,1,1,6
3,0.333333343,1,0,0,3,20
8,0.444444448,0.360000014,0,1,1,7
14,0.214285716,0.239669427,1,2,0,4
8,0,0.25,0,1,0,5
15,0.400000006,0.283950627,1,3,0,5
43,0.522727251,0.204999998,4,8,0,4
35,0.138888896,0.383975029,3,7,1,7
4,0.25,0.555555582,0,0,1,11
14,0.1875,0.471074373,1,2,1,9
21,0.285714298,0.768888891,2,4,2,15
19,0.285714298,0.739644945,1,3,2,14
34,0.138888896,0.400000006,3,6,1,8
1,0,1,0,0,3,20
15,0.200000003,0.152777776,1,3,0,3
34,0.081632651,0.351111114,3,6,1,7
9,0.333333343,0.222222224,0,1,0,4
1,0,1,0,0,3,20
15,0.13333334,0.242603555,1,3,0,4
4,0,0.375,0,0,1,7
13,0.411764711,0.46875,1,2,1,9
47,0.08510638,0.187669009,4,9,0,3
37,0.522727251,0.204999998,3,7,0,4
55,0.357142866,0.415510207,5,11,1,8
12,0,0.180555552,1,2,0,3
31,0.483870953,0.359375,3,6,1,7
14,0.357142866,0.38271606,1,2,1,7
27,0.214285716,0.360544205,2,5,1,7
13,0.357142866,0.34375,1,2,1,6
2,0.5,1,0,0,3,20
4,0,0.625,0,0,1,12
2,0,0.5,0,0,1,10
5,0.200000003,0.5,0,1,1,10
1,0,1,0,0,3,20
17,0.176470593,0.224489793,1,3,0,4
40,0.081632651,0.322530866,4,8,0,6
30,0.333333343,0.264999986,3,6,0,5
9,0.222222224,0.387755096,0,1,1,7
7,0.111111112,0.388888896,0,1,1,7
28,0.06666667,0.165680468,2,5,0,3
14,0.714285731,0.375,1,2,1,7
22,0.272727281,0.2421875,2,4,0,4
19,0.714285731,0.388888896,1,3,1,7
3,0,1,0,0,3,20
14,0,0.326530606,1,2,0,6
19,0.157894731,0.2890625,1,3,0,5
3,0,1,0,0,3,20
18,0.157894731,0.191111118,1,3,0,3
3,0,0.555555582,0,0,1,11
124,0.515151501,0.224939525,12,24,0,4
13,0.1875,0.222222224,1,2,0,4
1,0,1,0,0,3,20
1,0,1,0,0,3,20
15,0.1875,0.430555552,1,3,1,8
2,0.5,1,0,0,3,20
3,0.333333343,1,0,0,3,20
53,0.351851851,0.167820066,5,10,0,3
47,0.081632651,0.316387236,4,9,0,6
2,0.5,1,0,0,3,20
33,0.764705896,0.25,3,6,0,5
1,0,1,0,0,3,20
22,0.13636364,0.340720236,2,4,1,6
42,0.266666681,0.194588974,4,8,0,3
13,0.07692308,0.347222209,1,2,1,6
28,0.214285716,0.380165279,2,5,1,7
4,0.25,0.555555582,0,0,1,11
38,0.522727251,0.204999998,3,7,0,4
73,0.547945201,0.331496775,7,14,0,6
75,0.092105262,0.4234429,7,15,1,8
12,0.25,0.283950627,1,2,0,5
1,0,1,0,0,3,20
17,0.157894731,0.20408164,1,3,0,4
5,0.333333343,0.333333343,0,1,1,6
1,0,1,0,0,3,20
2,0.5,1,0,0,3,20
2,0,0.5,0,0,1,10
6,0,1,0,1,3,20
12,0.06666667,0.583333313,1,2,1,11
1,0,1,0,0,3,20
4,0,0.375,0,0,1,7
69,0.092105262,0.438085318,6,13,1,8
19,0.473684222,0.540000021,1,3,1,10
3,0,1,0,0,3,20
8,0.25,0.387755096,0,1,1,7
9,0.333333343,0.222222224,0,1,0,4
34,0.14705883,0.231866822,3,6,0,4
13,0.06666667,0.583333313,1,2,1,11
58,0.137931034,0.298400015,5,11,0,5
20,0.142857149,0.287197232,2,4,0,5
3,0,0.555555582,0,0,1,11
5,0,1,0,1,3,20
3,0,1,0,0,3,20
5,0,0.680000007,0,1,2,13
3,0,0.333333343,0,0,1,6
24,0.319999993,0.515625,2,4,1,10
1,0,1,0,0,3,20
2,0,0.5,0,0,1,10
20,0.047619049,0.191135734,2,4,0,3
14,0.285714298,0.219999999,1,2,0,4
6,0.166666672,0.439999998,0,1,1,8
7,0,0.224489793,0,1,0,4
10,0,0.360000014,1,2,1,7
16,0.1875,0.289940834,1,3,0,5
13,0.117647059,0.263888896,1,2,0,5
20,0,0.460000008,2,4,1,9
70,0.092105262,0.444696397,7,14,1,8
22,0.5,0.289256185,2,4,0,5
6,0,0.388888896,0,1,1,7
50,0.180327863,0.179138318,5,10,0,3
20,0.13636364,0.376543224,2,4,1,7
1,0,1,0,0,3,20
6,0.166666672,0.200000003,0,1,0,4
1,0,1,0,0,3,20
8,0,0.34375,0,1,1,6
30,0.06666667,0.163265303,3,6,0,3
1,0,1,0,0,3,20
6,0,0.333333343,0,1,1,6
9,0.444444448,0.439999998,0,1,1,8
12,0.166666672,0.419999987,1,2,1,8
1,0,1,0,0,3,20
44,0.413043469,0.230769232,4,8,0,4
22,0.318181813,0.271111101,2,4,0,5
22,0.318181813,0.439999998,2,4,1,8
10,0.083333336,0.432098776,1,2,1,8
9,0,0.283950627,0,1,0,5
4,0,0.25,0,0,0,5
15,0.333333343,0.819999993,1,3,2,16
2,0,0.5,0,0,1,10
13,0.071428575,0.180555552,1,2,0,3
56,0.232142851,0.255813956,5,11,0,5
9,0.777777791,0.5,0,1,1,10
7,0.571428597,0.555555582,0,1,1,11
39,0.081632651,0.311020404,3,7,0,6
19,0.263157904,0.285714298,1,3,0,5
13,0,0.147928998,1,2,0,2
48,0.06122449,1,4,9,3,20
12,0.07692308,0.190082639,1,2,0,3
55,0.137931034,0.287326396,5,11,0,5
14,0.13333334,0.236111104,1,2,0,4
13,0.13333334,0.239669427,1,2,0,4
6,0,0.388888896,0,1,1,7
36,0.522727251,0.204999998,3,7,0,4
8,0,0.25,0,1,0,5
6,0.166666672,0.439999998,0,1,1,8
4,0.25,0.555555582,0,0,1,11
1,0,1,0,0,3,20
3,0,0.555555582,0,0,1,11
21,0.428571433,0.25,2,4,0,5
20,0.285714298,0.755102038,2,4,2,15
5,0,0.360000014,0,1,1,7
7,0.428571433,0.375,0,1,1,7
13,0.071428575,0.388888896,1,2,1,7
31,0.081632651,0.359693885,3,6,1,7
28,0.25,0.609977305,2,5,1,12
121,0.768000007,0.303155005,12,24,0,6
12,0.416666657,0.265306115,1,2,0,5
18,0,0.154320985,1,3,0,3
14,0.071428575,0.349112421,1,2,1,6
17,0.05882353,0.4375,1,3,1,8
77,0.506493509,1,7,15,3,20
21,0.217391297,0.209876537,2,4,0,4
5,0,0.280000001,0,1,0,5
46,0.180327863,0.192520782,4,9,0,3
2,0.5,1,0,0,3,20
9,0.111111112,1,0,1,3,20
5,0,0.519999981,0,1,1,10
41,0.266666681,0.184444442,4,8,0,3
33,0,0.180899903,3,6,0,3
7,0,1,0,1,3,20
19,0.428571433,0.25,1,3,0,5
5,0.200000003,0.625,0,1,1,12
5,0.166666672,0.439999998,0,1,1,8
31,0,0.180020809,3,6,0,3
7,0,0.306122452,0,1,0,6
32,0,0.171875,3,6,0,3
1,0,1,0,0,3,20
7,0,0.306122452,0,1,0,6
55,0.180327863,0.174858227,5,11,0,3
4,0.200000003,1,0,0,3,20
4,0,0.25,0,0,0,5
44,0.227272734,0.479238749,4,8,1,9
28,0.321428567,0.290858716,2,5,0,5
62,0.467741936,0.136822775,6,12,0,2
21,0.13636364,0.340720236,2,4,1,6
13,0,0.278106511,1,2,0,5
12,0.071428575,0.17355372,1,2,0,3
131,0.515151501,0.216796875,13,26,0,4
75,0.506493509,1,7,15,3,20
1,0,1,0,0,3,20
9,0.111111112,0.21875,0,1,0,4
19,0.142857149,0.3046875,1,3,0,6
47,0.180327863,0.19263643,4,9,0,3
9,0.111111112,0.25,0,1,0,5
10,0,1,1,2,3,20
51,0.333333343,0.250865042,5,10,0,5
3,0,1,0,0,3,20
19,0.157894731,0.1953125,1,3,0,3
43,0.227272734,0.479238749,4,8,1,9
42,0.522727251,0.204999998,4,8,0,4
46,0.270833343,0.210284665,4,9,0,4
15,0,0.768888891,1,3,2,15
2,0,0.5,0,0,1,10
101,0.495145619,0.274894267,10,20,0,5
3,0,1,0,0,3,20
1,0,1,0,0,3,20
1,0,1,0,0,3,20
7,0.285714298,0.280000001,0,1,0,5
45,0.413043469,0.215363517,4,9,0,4
16,0.1875,0.289940834,1,3,0,5
1,0,1,0,0,3,20
46,0.413043469,0.215363517,4,9,0,4
2,0,1,0,0,3,20
3,0,1,0,0,3,20
14,0.571428597,0.333333343,1,2,1,6
1,0,1,0,0,3,20
8,0.111111112,0.306122452,0,1,0,6
1,0,1,0,0,3,20
1,0,1,0,0,3,20
16,0.25,0.291666657,1,3,0,5
125,0.768000007,0.329369783,12,25,0,6
3,0,0.333333343,0,0,1,6
130,0.515151501,0.216796875,13,26,0,4
11,0,0.157024801,1,2,0,3
2,0,1,0,0,3,20
3,0,0.333333343,0,0,1,6
4,0,0.625,0,0,1,12
19,0.105263159,0.294117659,1,3,0,5
2,0,1,0,0,3,20
34,0.764705896,0.25,3,6,0,5
1,0,1,0,0,3,20
73,0.092105262,0.428374648,7,14,1,8
2,0,0.5,0,0,1,10
12,0,0.166666672,1,2,0,3
11,0,0.223140493,1,2,0,4
2,0,0.5,0,0,1,10
1,0,1,0,0,3,20
1,0,1,0,0,3,20
16,0.684210539,0.5,1,3,1,10
15,0.684210539,0.5,1,3,1,10
9,0.25,0.34375,0,1,1,6
120,0.768000007,0.303155005,12,24,0,6
10,0.699999988,0.333333343,1,2,1,6
11,0.07692308,0.180000007,1,2,0,3
8,0,0.40625,0,1,1,8
35,0.081632651,0.365244538,3,7,1,7
11,0.454545468,0.5,1,2,1,10
32,0.081632651,0.374554098,3,6,1,7
14,0.214285716,0.322314054,1,2,0,6
7,0.25,0.360000014,0,1,1,7
38,0.081632651,0.320069194,3,7,0,6
1,0,1,0,0,3,20
12,0,0.416666657,1,2,1,8
5,0.200000003,0.5,0,1,1,10
14,0.214285716,0.570247948,1,2,1,11
1,0,1,0,0,3,20
1,0,1,0,0,3,20
4,0,0.375,0,0,1,7
1,0,1,0,0,3,20
1,0,1,0,0,3,20
44,0.13636364,0.207756236,4,8,0,4
1,0,1,0,0,3,20
1,0,1,0,0,3,20
15,0.764705896,0.555555582,1,3,1,11
1,0,1,0,0,3,20
16,0.1875,0.372781068,1,3,1,7
4,0,0.375,0,0,1,7
19,0.684210539,0.5,1,3,1,10
10,0.300000012,0.265306115,1,2,0,5
74,0.092105262,0.434617966,7,14,1,8
1,0,1,0,0,3,20
1,0,1,0,0,3,20
8,0,0.4375,0,1,1,8
1,0,1,0,0,3,20
7,0.285714298,0.200000003,0,1,0,4
73,0.506493509,1,7,14,3,20
14,0.1875,0.222222224,1,2,0,4
4,0.333333343,0.333333343,0,0,1,6
3,0,0.333333343,0,0,1,6
9,0.555555582,0.25,0,1,0,5
10,0.363636374,0.277777791,1,2,0,5
15,0.06666667,0.448979586,1,3,1,8
34,0,0.179930791,3,6,0,3
3,0.333333343,1,0,0,3,20
30,0.466666669,0.3125,3,6,0,6
2,0,0.5,0,0,1,10
1,0,1,0,0,3,20
15,0.1875,0.222222224,1,3,0,4
20,0.714285731,0.388888896,2,4,1,7
3,0,0.333333343,0,0,1,6
6,0.166666672,0.280000001,0,1,0,5
10,0.200000003,0.21875,1,2,0,4
65,0.476923078,0.185121104,6,13,0,3
19,0,0.196675897,1,3,0,3
15,0.411764711,0.506172836,1,3,1,10
1,0,1,0,0,3,20
2,0,1,0,0,3,20
31,0.064516127,0.258026153,3,6,0,5
39,0.333333343,0.307692319,3,7,0,6
15,0.421052635,0.481481493,1,3,1,9
1,0,1,0,0,3,20
16,0.411764711,0.540000021,1,3,1,10
1,0,1,0,0,3,20
2,0,0.5,0,0,1,10
33,0.081632651,0.374554098,3,6,1,7
13,0.07692308,0.208333328,1,2,0,4
123,0.515151501,0.223333329,12,24,0,4
18,0.157894731,0.315555543,1,3,0,6
4,0.200000003,1,0,0,3,20
1,0,1,0,0,3,20
2,0,1,0,0,3,20
13,0,0.360946745,1,2,1,7
44,0.522727251,0.18820861,4,8,0,3
16,0.764705896,0.625,1,3,1,12
10,0,0.180000007,1,2,0,3
1,0,1,0,0,3,20
5,0.400000006,0.555555582,0,1,1,11
76,0.506493509,1,7,15,3,20
2,0,0.5,0,0,1,10
18,0.277777791,0.254437864,1,3,0,5
2,0.5,1,0,0,3,20
11,0.363636374,0.265306115,1,2,0,5
22,0,0.264462799,2,4,0,5
9,0.333333343,0.277777791,0,1,0,5
1,0,1,0,0,3,20
37,0.081632651,0.33700642,3,7,1,6
71,0.547945201,0.349609375,7,14,1,6
3,0,0.555555582,0,0,1,11
29,0.06666667,0.168724284,2,5,0,3
12,0.166666672,0.200000003,1,2,0,4
2,0,1,0,0,3,20
3,0,0.333333343,0,0,1,6
5,0.200000003,0.625,0,1,1,12
21,0.047619049,0.180000007,2,4,0,3
1,0,1,0,0,3,20
129,0.515151501,0.218946844,12,25,0,4
18,0.105263159,0.294117659,1,3,0,5
6,0.285714298,0.200000003,0,1,0,4
5,0.200000003,0.375,0,1,1,7
126,0.515151501,0.221644118,12,25,0,4
59,0.180327863,0.176215276,5,11,0,3
19,0.052631579,0.203703701,1,3,0,4
19,0.157894731,0.359375,1,3,1,7
2,0,1,0,0,3,20
1,0,1,0,0,3,20
36,0.081632651,0.349609375,3,7,1,6
29,0.137931034,0.235200003,2,5,0,4
21,0.181818187,0.522491336,2,4,1,10
20,0.200000003,0.4453125,2,4,1,8
17,0.05882353,0.1953125,1,3,0,3
12,0.07692308,0.322314054,1,2,0,6
14,0.411764711,0.46875,1,2,1,9
12,0.411764711,0.46875,1,2,1,9
16,0.1875,0.230769232,1,3,0,4
3,0,0.555555582,0,0,1,11
21,0.142857149,0.271604925,2,4,0,5
1,0,1,0,0,3,20
51,0.357142866,0.463728189,5,10,1,9
27,0.148148149,0.179584116,2,5,0,3
8,0,0.375,0,1,1,7
2,0,0.5,0,0,1,10
56,0.357142866,0.396604925,5,11,1,7
6,0,0.722222209,0,1,2,14
4,0.400000006,0.5,0,0,1,10
21,0.380952388,0.195266277,2,4,0,3
127,0.515151501,0.221644118,12,25,0,4
2,0.5,1,0,0,3,20
11,0.166666672,0.38271606,1,2,1,7
6,0,0.222222224,0,1,0,4
25,0.319999993,0.53633219,2,5,1,10
9,0.333333343,0.333333343,0,1,1,6
2,0,1,0,0,3,20
1,0,1,0,0,3,20
46,0.081632651,0.307256222,4,9,0,6
4,0.400000006,1,0,0,3,20
2,0.666666687,1,0,0,3,20
1,0,1,0,0,3,20
58,0.180327863,0.176215276,5,11,0,3
57,0.180327863,0.170665458,5,11,0,3
52,0.180327863,0.179752067,5,10,0,3
51,0.180327863,0.185505673,5,10,0,3
49,0.180327863,0.186198696,4,9,0,3
45,0.180327863,0.192520782,4,9,0,3
1,0,1,0,0,3,20
6,0.666666687,0.5,0,1,1,10
2,0,0.5,0,0,1,10
18,0.111111112,0.3671875,1,3,1,7
47,0.270833343,0.205882356,4,9,0,4
12,0,0.152777776,1,2,0,3
39,0.07692308,0.211419746,3,7,0,4
29,0.081632651,0.369822472,2,5,1,7
8,0.333333343,0.280000001,0,1,0,5
9,0.444444448,0.360000014,0,1,1,7
18,0.421052635,0.519999981,1,3,1,10
52,0.357142866,0.463728189,5,10,1,9
12,0.13333334,0.219999999,1,2,0,4
71,0.092105262,0.434082031,7,14,1,8
16,0.157894731,0.195266277,1,3,0,3
61,0.467741936,0.13671875,6,12,0,2
123,0.768000007,0.316326529,12,24,0,6
12,0,0.305555552,1,2,0,6
20,0.428571433,0.25,2,4,0,5
14,0,0.755102038,1,2,2,15
45,0.081632651,0.317073166,4,9,0,6
14,0.06666667,0.420118332,1,2,1,8
10,0.100000001,0.407407403,1,2,1,8
19,0.200000003,0.4453125,1,3,1,8
19,0.263157904,0.316326529,1,3,0,6
3,0.200000003,0.555555582,0,0,1,11
12,0.083333336,0.4214876,1,2,1,8
1,0,1,0,0,3,20
1,0,1,0,0,3,20
3,0,1,0,0,3,20
2,0,0.5,0,0,1,10
5,0.200000003,1,0,1,3,20
1,0,1,0,0,3,20
21,0.714285731,0.388888896,2,4,1,7
64,0.476923078,0.188246101,6,12,0,3
20,0,0.189999998,2,4,0,3
2,0,1,0,0,3,20
2,0,1,0,0,3,20
48,0.180327863,0.189999998,4,9,0,3
7,0,1,0,1,3,20